UserID,UserName,FullName,Email,Role,RegisteredAt,user_course_id,course_id,status,progress,enrolled_at,completed_at,score,course_title,num_subscribers,num_reviews,num_lectures,level,content_duration,published_timestamp,subject
1,cavin1257,CAVINKUMARAN M,ck@gmail.com,employee,2024-10-01 04:22:23.470,52,544234,undertaken,100.0,2023-11-01 11:07:38,2023-11-11 11:07:38,51.0,Mike G's Beginner Drum Course: Part 1,515,14,20,hard,3.0,2015-11-01T20:04:07Z,Musical Instruments
1,cavin1257,CAVINKUMARAN M,ck@gmail.com,employee,2024-10-01 04:22:23.470,53,1257976,assigned,100.0,2024-01-17 20:26:50,2024-03-27 20:26:50,98.0,Your First 10 Guitar Lessons - Learn how to play guitar,924,4,18,easy,1.0,2017-06-29T00:29:36Z,Musical Instruments
1,cavin1257,CAVINKUMARAN M,ck@gmail.com,employee,2024-10-01 04:22:23.470,54,195576,undertaken,100.0,2023-10-20 13:26:29,2023-12-02 13:26:29,89.0,Learn To Play The Drums Without A Drum Kit,1589,52,39,intermediate,2.0,2014-06-27T21:54:58Z,Musical Instruments
2,admin,ADMIN KUMAARU,admin@jman.com,admin,2024-10-03 04:16:36.187,1,880202,assigned,100.0,2024-02-13 18:48:39,2024-02-25 18:48:39,79.0,Anatomy and Figure Drawing for Beginners,2252,240,111,easy,21.0,2016-06-20T15:31:48Z,Graphic Design
2,admin,ADMIN KUMAARU,admin@jman.com,admin,2024-10-03 04:16:36.187,2,1145736,assigned,100.0,2023-11-21 07:10:11,2024-02-17 07:10:11,91.0,Create Professional Looking Infographics With No Experience,9367,104,21,hard,2.0,2017-03-21T19:00:13Z,Graphic Design
2,admin,ADMIN KUMAARU,admin@jman.com,admin,2024-10-03 04:16:36.187,3,1046722,undertaken,100.0,2024-03-29 17:06:36,2024-05-29 17:06:36,99.0,Ultimate Photoshop Training: From Beginner to Pro,5326,447,150,intermediate,11.5,2017-01-12T16:56:22Z,Graphic Design
3,joseph123,JOSEPH KURUVILA,joseph123@gmail.com,employee,2024-10-03 04:53:53.060,133,719698,assigned,100.0,2023-11-24 16:04:04,2023-12-27 16:04:04,64.0,Basic Technical Analysis: Learn the structure of the market,4919,79,16,easy,1.5,2016-01-08T17:21:26Z,Business Finance
3,joseph123,JOSEPH KURUVILA,joseph123@gmail.com,employee,2024-10-03 04:53:53.060,134,58977,undertaken,100.0,2024-01-08 15:30:17,2024-03-14 15:30:17,80.0,Financial Statements Made Easy,8095,249,12,expert,0.5833333134651184,2013-06-09T00:21:26Z,Business Finance
3,joseph123,JOSEPH KURUVILA,joseph123@gmail.com,employee,2024-10-03 04:53:53.060,135,794151,assigned,100.0,2024-10-02 01:31:55,2024-11-06 01:31:55,79.0,Forex Trading Course: Work Smarter Not Harder Proven Results,4061,52,16,intermediate,2.0,2016-03-16T15:40:19Z,Business Finance
4,joyporter,Rodney Robles,joseph80@example.net,employee,2024-10-05 16:18:19.903,136,749542,undertaken,100.0,2024-03-26 10:47:11,2024-04-25 10:47:11,82.0,Graphic Design Bootcamp,15276,1740,65,expert,8.0,2016-05-13T00:03:03Z,Graphic Design
4,joyporter,Rodney Robles,joseph80@example.net,employee,2024-10-05 16:18:19.903,137,590794,undertaken,100.0,2024-02-24 07:00:36,2024-03-15 07:00:36,59.0,Illustrator Quick Tip：10分でKawaiiカメレオンを描こう,381,24,7,easy,0.6000000238418579,2015-08-31T20:52:45Z,Graphic Design
4,joyporter,Rodney Robles,joseph80@example.net,employee,2024-10-05 16:18:19.903,138,573064,undertaken,100.0,2024-06-22 13:25:33,2024-07-02 13:25:33,74.0,Photoshop in Ease: Create World Amazing  Graphic Designs,14440,182,26,intermediate,3.0,2015-08-13T21:17:34Z,Graphic Design
5,vaughanadam,Joseph Garcia,sdavis@example.com,employee,2024-10-05 16:18:19.967,256,1219520,assigned,100.0,2024-07-03 17:56:39,2024-09-19 17:56:39,91.0,Adobe Illustrator T-Shirt Design for Merch by Amazon,390,44,15,expert,1.0,2017-06-13T20:41:14Z,Graphic Design
5,vaughanadam,Joseph Garcia,sdavis@example.com,employee,2024-10-05 16:18:19.967,257,1145736,assigned,100.0,2024-02-08 22:30:27,2024-02-19 22:30:27,72.0,Create Professional Looking Infographics With No Experience,9367,104,21,hard,2.0,2017-03-21T19:00:13Z,Graphic Design
5,vaughanadam,Joseph Garcia,sdavis@example.com,employee,2024-10-05 16:18:19.967,258,590794,assigned,100.0,2023-11-03 03:48:19,2024-01-27 03:48:19,55.0,Illustrator Quick Tip：10分でKawaiiカメレオンを描こう,381,24,7,easy,0.6000000238418579,2015-08-31T20:52:45Z,Graphic Design
6,markrivers,Erin Taylor,rachelanderson@example.org,employee,2024-10-05 16:18:20.027,226,1253224,undertaken,100.0,2024-07-20 12:12:49,2024-08-14 12:12:49,98.0,Pentatonic Scale Crash Course for Bass Guitar,898,6,24,intermediate,1.0,2017-06-15T18:35:07Z,Musical Instruments
6,markrivers,Erin Taylor,rachelanderson@example.org,employee,2024-10-05 16:18:20.027,227,195576,undertaken,100.0,2024-02-24 18:18:13,2024-05-02 18:18:13,78.0,Learn To Play The Drums Without A Drum Kit,1589,52,39,intermediate,2.0,2014-06-27T21:54:58Z,Musical Instruments
6,markrivers,Erin Taylor,rachelanderson@example.org,employee,2024-10-05 16:18:20.027,228,801486,assigned,100.0,2024-07-01 13:06:11,2024-08-13 13:06:11,76.0,Playing Piano:  Popular Pieces Vol. II,1472,4,24,hard,1.5,2016-03-31T17:24:49Z,Musical Instruments
7,ufields,Emily Moran,brianmckay@example.com,employee,2024-10-05 16:18:20.083,34,739964,assigned,100.0,2023-11-19 17:05:35,2023-12-22 17:05:35,83.0,Investing And Trading For Beginners: Mastering Price Charts,1540,178,26,hard,1.0,2016-02-21T18:23:12Z,Business Finance
7,ufields,Emily Moran,brianmckay@example.com,employee,2024-10-05 16:18:20.083,36,1210588,assigned,100.0,2024-01-20 21:10:09,2024-03-12 21:10:09,60.0,Beginner to Pro - Financial Analysis in Excel 2017,2451,11,36,expert,3.0,2017-05-30T20:07:24Z,Business Finance
8,jasondecker,Catherine Garner,jessica62@example.com,employee,2024-10-05 16:18:20.140,121,920306,assigned,100.0,2024-06-27 07:49:51,2024-08-20 07:49:51,77.0,Web Site for Beginners - Learn Web Building like knitting,9425,147,14,intermediate,1.5,2016-08-10T00:40:59Z,Web Development
8,jasondecker,Catherine Garner,jessica62@example.com,employee,2024-10-05 16:18:20.140,122,987064,undertaken,100.0,2023-11-15 00:44:48,2024-02-04 00:44:48,91.0,Learn by Doing: Vue JS 2.0 the Right Way,1087,220,32,hard,3.5,2016-11-07T17:53:40Z,Web Development
8,jasondecker,Catherine Garner,jessica62@example.com,employee,2024-10-05 16:18:20.140,123,1146014,undertaken,100.0,2023-11-15 12:28:11,2024-02-15 12:28:11,50.0,Learn JavaScript for beginners,15276,167,19,easy,1.5,2017-03-16T20:57:12Z,Web Development
9,emmabonilla,Louis Novak,wdunn@example.com,employee,2024-10-05 16:18:20.197,292,1070968,undertaken,100.0,2024-03-25 00:24:35,2024-04-16 00:24:35,83.0,Ultimate Investment Banking Course,2147,23,51,easy,1.5,2017-01-18T20:58:58Z,Business Finance
9,emmabonilla,Louis Novak,wdunn@example.com,employee,2024-10-05 16:18:20.197,293,719698,assigned,100.0,2024-01-28 05:49:45,2024-04-30 05:49:45,73.0,Basic Technical Analysis: Learn the structure of the market,4919,79,16,easy,1.5,2016-01-08T17:21:26Z,Business Finance
10,droberson,Tim Jones,jason26@example.org,employee,2024-10-05 16:18:20.257,112,192870,undertaken,100.0,2024-09-04 10:20:12,2024-09-09 10:20:12,93.0,Trading Penny Stocks: A Guide for All Levels In 2017,9221,138,25,intermediate,3.0,2014-05-02T15:13:30Z,Business Finance
10,droberson,Tim Jones,jason26@example.org,employee,2024-10-05 16:18:20.257,113,1011058,undertaken,100.0,2024-04-05 06:57:56,2024-04-15 06:57:56,60.0,How To Maximize Your Profits Trading Options,1276,45,26,easy,2.0,2016-12-13T14:57:18Z,Business Finance
10,droberson,Tim Jones,jason26@example.org,employee,2024-10-05 16:18:20.257,114,504036,assigned,100.0,2024-03-10 01:02:44,2024-04-11 01:02:44,61.0,Short Selling: Learn To Sell Stocks Before The Fall,2276,106,19,expert,1.5,2015-06-22T21:18:35Z,Business Finance
11,nicholasblevins,Sara Williams,richard21@example.net,employee,2024-10-05 16:18:20.313,232,1094964,undertaken,100.0,2024-07-05 21:04:17,2024-09-27 21:04:17,80.0,Build Your Own Backend REST API using Django REST Framework,2669,112,72,hard,5.5,2017-04-27T19:21:11Z,Web Development
11,nicholasblevins,Sara Williams,richard21@example.net,employee,2024-10-05 16:18:20.313,233,94428,undertaken,100.0,2024-03-09 05:05:55,2024-05-17 05:05:55,89.0,Learn Complete Web Development From Scratch,14074,106,46,expert,12.0,2013-10-23T09:23:00Z,Web Development
12,vwest,Mrs. Judith Leonard,clintonjohnson@example.com,employee,2024-10-05 16:18:20.370,58,661814,undertaken,100.0,2024-01-12 04:13:39,2024-02-24 04:13:39,60.0,Piano Runs & Fills #3:  Jazzy Chromatic Chord Song Endings,747,5,28,easy,1.0,2015-11-10T18:42:55Z,Musical Instruments
12,vwest,Mrs. Judith Leonard,clintonjohnson@example.com,employee,2024-10-05 16:18:20.370,59,837722,undertaken,100.0,2024-07-19 22:03:24,2024-10-02 22:03:24,80.0,Modal Theory for Guitar (Guitar Lessons from Lutz Academy),1039,29,9,hard,1.5,2016-05-06T15:32:00Z,Musical Instruments
12,vwest,Mrs. Judith Leonard,clintonjohnson@example.com,employee,2024-10-05 16:18:20.370,60,1253224,assigned,100.0,2024-06-26 02:34:38,2024-07-05 02:34:38,93.0,Pentatonic Scale Crash Course for Bass Guitar,898,6,24,intermediate,1.0,2017-06-15T18:35:07Z,Musical Instruments
13,eholloway,Lawrence Crawford,mwaller@example.net,employee,2024-10-05 16:18:20.430,187,874012,assigned,100.0,2024-04-03 02:21:42,2024-05-09 02:21:42,68.0,The Ultimate Drawing Course - Beginner to Advanced,26742,2379,62,easy,11.0,2017-01-23T00:20:05Z,Graphic Design
13,eholloway,Lawrence Crawford,mwaller@example.net,employee,2024-10-05 16:18:20.430,188,820194,undertaken,100.0,2023-11-19 02:24:50,2024-02-07 02:24:50,91.0,Photoshop for Entrepreneurs - Design 11 Practical Projects,36288,737,63,hard,5.0,2016-06-09T01:57:03Z,Graphic Design
13,eholloway,Lawrence Crawford,mwaller@example.net,employee,2024-10-05 16:18:20.430,189,1216132,assigned,100.0,2023-12-30 17:53:42,2024-01-22 17:53:42,81.0,Learn Adobe Illustrator: Semi-Automatic Mandalas Drawing,1076,15,15,intermediate,1.0,2017-05-22T22:53:46Z,Graphic Design
14,ryan56,Kristin Krueger,carolinecox@example.net,employee,2024-10-05 16:18:20.487,43,504036,assigned,100.0,2024-02-27 16:58:45,2024-04-07 16:58:45,69.0,Short Selling: Learn To Sell Stocks Before The Fall,2276,106,19,expert,1.5,2015-06-22T21:18:35Z,Business Finance
14,ryan56,Kristin Krueger,carolinecox@example.net,employee,2024-10-05 16:18:20.487,44,606928,undertaken,100.0,2024-09-05 12:04:25,2024-10-28 12:04:25,96.0,7 Deadly Mistakes of Investing that Will Slash Your Profits!,5354,24,23,hard,1.5,2015-09-21T18:10:34Z,Business Finance
14,ryan56,Kristin Krueger,carolinecox@example.net,employee,2024-10-05 16:18:20.487,45,794151,undertaken,100.0,2024-02-15 03:23:33,2024-04-12 03:23:33,87.0,Forex Trading Course: Work Smarter Not Harder Proven Results,4061,52,16,intermediate,2.0,2016-03-16T15:40:19Z,Business Finance
15,april69,Kelly Burke,kristenanderson@example.com,employee,2024-10-05 16:18:20.543,157,961630,undertaken,100.0,2024-07-31 02:54:32,2024-08-30 02:54:32,58.0,Beginner Guitar Quick-Start Course,2084,20,7,intermediate,1.0,2016-09-28T00:11:43Z,Musical Instruments
15,april69,Kelly Burke,kristenanderson@example.com,employee,2024-10-05 16:18:20.543,158,837722,assigned,100.0,2023-12-29 09:56:33,2024-02-03 09:56:33,55.0,Modal Theory for Guitar (Guitar Lessons from Lutz Academy),1039,29,9,hard,1.5,2016-05-06T15:32:00Z,Musical Instruments
15,april69,Kelly Burke,kristenanderson@example.com,employee,2024-10-05 16:18:20.543,159,560662,undertaken,100.0,2024-04-13 12:22:21,2024-05-16 12:22:21,95.0,Instant Harmonica - how to get single notes in 5 easy steps,835,10,7,expert,0.6333333253860474,2015-07-22T22:15:10Z,Musical Instruments
16,amy15,Christopher Garner,brianrichmond@example.net,employee,2024-10-05 16:18:20.600,37,729464,undertaken,100.0,2024-02-26 19:31:12,2024-04-24 19:31:12,88.0,Instant Harmonica - play the groovy Beatles Yesterday today!,295,7,14,easy,1.0,2016-04-25T15:48:05Z,Musical Instruments
16,amy15,Christopher Garner,brianrichmond@example.net,employee,2024-10-05 16:18:20.600,38,1257976,assigned,100.0,2024-06-13 01:55:31,2024-08-23 01:55:31,57.0,Your First 10 Guitar Lessons - Learn how to play guitar,924,4,18,easy,1.0,2017-06-29T00:29:36Z,Musical Instruments
16,amy15,Christopher Garner,brianrichmond@example.net,employee,2024-10-05 16:18:20.600,39,837722,assigned,100.0,2024-01-09 23:38:59,2024-04-06 23:38:59,89.0,Modal Theory for Guitar (Guitar Lessons from Lutz Academy),1039,29,9,hard,1.5,2016-05-06T15:32:00Z,Musical Instruments
17,katherine55,Christopher Walker,guzmannicholas@example.net,employee,2024-10-05 16:18:20.657,97,94428,undertaken,100.0,2024-02-09 13:00:09,2024-04-11 13:00:09,88.0,Learn Complete Web Development From Scratch,14074,106,46,expert,12.0,2013-10-23T09:23:00Z,Web Development
17,katherine55,Christopher Walker,guzmannicholas@example.net,employee,2024-10-05 16:18:20.657,98,1086834,assigned,100.0,2024-01-01 03:49:14,2024-03-29 03:49:14,55.0,How To Make A Wordpress Website 2017 | Divi Theme Tutorial,3541,202,37,intermediate,4.0,2017-01-26T22:15:02Z,Web Development
17,katherine55,Christopher Walker,guzmannicholas@example.net,employee,2024-10-05 16:18:20.657,99,16646,undertaken,100.0,2024-09-08 11:59:45,2024-10-23 11:59:45,88.0,Web Programming with Python,35267,217,53,expert,4.0,2012-04-25T00:01:43Z,Web Development
18,simpsonholly,John Cook,xjenkins@example.net,employee,2024-10-05 16:18:20.713,295,785388,assigned,100.0,2024-03-04 03:07:57,2024-03-07 03:07:57,74.0,Scaling Docker on AWS,3133,351,63,expert,6.0,2016-03-28T17:51:04Z,Web Development
18,simpsonholly,John Cook,xjenkins@example.net,employee,2024-10-05 16:18:20.713,296,642410,assigned,100.0,2024-02-13 14:19:58,2024-05-11 14:19:58,56.0,The Complete Bootstrap Masterclass Course - Build 4 Projects,24978,540,67,hard,7.0,2015-10-27T20:27:11Z,Web Development
18,simpsonholly,John Cook,xjenkins@example.net,employee,2024-10-05 16:18:20.713,297,1146014,undertaken,100.0,2024-07-14 07:08:48,2024-09-09 07:08:48,90.0,Learn JavaScript for beginners,15276,167,19,easy,1.5,2017-03-16T20:57:12Z,Web Development
19,christinelane,Jessica Myers,erika47@example.com,employee,2024-10-05 16:18:20.770,85,961630,assigned,100.0,2023-12-14 14:39:39,2024-02-05 14:39:39,87.0,Beginner Guitar Quick-Start Course,2084,20,7,intermediate,1.0,2016-09-28T00:11:43Z,Musical Instruments
19,christinelane,Jessica Myers,erika47@example.com,employee,2024-10-05 16:18:20.770,86,643970,assigned,100.0,2024-01-20 14:57:32,2024-03-18 14:57:32,98.0,Instant Harmonica - Christmas. Play Jingle Bells Part 1 now,823,11,10,intermediate,0.699999988079071,2015-12-11T18:42:43Z,Musical Instruments
20,walkerjames,Jeff Vaughan,meganfriedman@example.com,employee,2024-10-05 16:18:20.827,175,19603,assigned,100.0,2024-08-26 16:53:17,2024-11-08 16:53:17,95.0,Learning Dynamic Website Design - PHP MySQL and JavaScript,47886,285,125,intermediate,12.5,2012-06-18T16:52:34Z,Web Development
20,walkerjames,Jeff Vaughan,meganfriedman@example.com,employee,2024-10-05 16:18:20.827,176,785388,assigned,100.0,2024-07-06 14:09:57,2024-07-16 14:09:57,63.0,Scaling Docker on AWS,3133,351,63,expert,6.0,2016-03-28T17:51:04Z,Web Development
20,walkerjames,Jeff Vaughan,meganfriedman@example.com,employee,2024-10-05 16:18:20.827,177,1089744,undertaken,100.0,2024-05-10 19:25:29,2024-07-10 19:25:29,93.0,How To Make A Wordpress Website 2017 - Divi Theme Tutorial,2780,94,29,hard,3.0,2017-01-26T17:16:27Z,Web Development
21,johngray,Brian Chang,beckdiana@example.net,employee,2024-10-05 16:18:20.883,22,1046722,assigned,100.0,2024-08-06 10:42:41,2024-11-02 10:42:41,62.0,Ultimate Photoshop Training: From Beginner to Pro,5326,447,150,intermediate,11.5,2017-01-12T16:56:22Z,Graphic Design
21,johngray,Brian Chang,beckdiana@example.net,employee,2024-10-05 16:18:20.883,23,749542,undertaken,100.0,2024-09-19 23:50:20,2024-11-22 23:50:20,66.0,Graphic Design Bootcamp,15276,1740,65,expert,8.0,2016-05-13T00:03:03Z,Graphic Design
21,johngray,Brian Chang,beckdiana@example.net,employee,2024-10-05 16:18:20.883,24,820194,assigned,100.0,2024-02-24 07:45:52,2024-02-29 07:45:52,82.0,Photoshop for Entrepreneurs - Design 11 Practical Projects,36288,737,63,hard,5.0,2016-06-09T01:57:03Z,Graphic Design
22,nelsonryan,Jacqueline Potter,hharrell@example.net,employee,2024-10-05 16:18:20.940,100,1089744,assigned,100.0,2023-10-22 21:44:27,2023-11-27 21:44:27,52.0,How To Make A Wordpress Website 2017 - Divi Theme Tutorial,2780,94,29,hard,3.0,2017-01-26T17:16:27Z,Web Development
22,nelsonryan,Jacqueline Potter,hharrell@example.net,employee,2024-10-05 16:18:20.940,102,1094964,assigned,100.0,2024-04-02 11:54:06,2024-04-14 11:54:06,99.0,Build Your Own Backend REST API using Django REST Framework,2669,112,72,hard,5.5,2017-04-27T19:21:11Z,Web Development
23,isaaclawrence,Catherine Phillips,boyerkimberly@example.org,employee,2024-10-05 16:18:20.997,28,1196544,undertaken,100.0,2024-05-17 21:06:54,2024-08-08 21:06:54,68.0,Python Algo Trading: Sentiment Trading with News,294,19,42,hard,7.0,2017-04-28T16:41:44Z,Business Finance
23,isaaclawrence,Catherine Phillips,boyerkimberly@example.org,employee,2024-10-05 16:18:20.997,29,742602,assigned,100.0,2024-02-14 07:28:14,2024-02-22 07:28:14,96.0,Financial Management Risk and Return For Securities,3607,21,19,easy,1.5,2016-02-03T18:04:01Z,Business Finance
24,orivera,Sean Diaz,jessicaherman@example.com,employee,2024-10-05 16:18:21.053,124,696630,assigned,100.0,2023-10-30 00:41:27,2023-11-06 00:41:27,65.0,"7 Ways A Beginner Guitarist Can Sound Better, Instantly!",4529,193,7,easy,0.6000000238418579,2015-12-21T18:50:50Z,Musical Instruments
24,orivera,Sean Diaz,jessicaherman@example.com,employee,2024-10-05 16:18:21.053,125,643970,undertaken,100.0,2024-03-02 18:30:46,2024-04-11 18:30:46,91.0,Instant Harmonica - Christmas. Play Jingle Bells Part 1 now,823,11,10,intermediate,0.699999988079071,2015-12-11T18:42:43Z,Musical Instruments
24,orivera,Sean Diaz,jessicaherman@example.com,employee,2024-10-05 16:18:21.053,126,1048302,undertaken,100.0,2024-08-24 18:51:54,2024-09-11 18:51:54,55.0,Learn Travis Picking From Scratch,219,30,25,hard,1.5,2017-01-01T22:17:22Z,Musical Instruments
25,jason16,Rebecca Arias,vpowell@example.com,employee,2024-10-05 16:18:21.110,283,920306,assigned,100.0,2023-12-07 08:27:16,2024-01-27 08:27:16,83.0,Web Site for Beginners - Learn Web Building like knitting,9425,147,14,intermediate,1.5,2016-08-10T00:40:59Z,Web Development
25,jason16,Rebecca Arias,vpowell@example.com,employee,2024-10-05 16:18:21.110,284,8325,assigned,100.0,2024-10-05 07:12:48,2024-11-25 07:12:48,81.0,HTML Tutorial: HTML & CSS for Beginners,12458,253,82,intermediate,4.0,2011-09-09T15:28:59Z,Web Development
25,jason16,Rebecca Arias,vpowell@example.com,employee,2024-10-05 16:18:21.110,285,785388,undertaken,100.0,2024-07-06 19:30:45,2024-08-28 19:30:45,83.0,Scaling Docker on AWS,3133,351,63,expert,6.0,2016-03-28T17:51:04Z,Web Development
26,kim45,Lisa White,fosterfernando@example.com,employee,2024-10-05 16:18:21.170,88,317278,assigned,100.0,2024-02-13 14:44:55,2024-05-14 14:44:55,55.0,Typographic Logos: Typography and Lettering for Logo Design,4235,427,20,easy,1.5,2014-10-16T19:30:01Z,Graphic Design
26,kim45,Lisa White,fosterfernando@example.com,employee,2024-10-05 16:18:21.170,89,1197206,assigned,100.0,2024-02-27 17:11:23,2024-04-20 17:11:23,55.0,Illustrator CC MasterClass,462,50,86,intermediate,12.0,2017-05-02T16:41:21Z,Graphic Design
26,kim45,Lisa White,fosterfernando@example.com,employee,2024-10-05 16:18:21.170,90,1181578,undertaken,100.0,2024-04-15 01:30:19,2024-06-13 01:30:19,79.0,Deinen Roman setzen mit PagePlus in 10 einfachen Schritten,69,6,25,intermediate,3.5,2017-04-24T16:44:12Z,Graphic Design
27,adriennejefferson,Joseph Hicks,kochscott@example.org,employee,2024-10-05 16:18:21.227,154,476268,undertaken,100.0,2024-06-06 15:03:13,2024-08-04 15:03:13,92.0,Options Trading 3 : Advanced Stock Profit and Success Method,5172,34,38,easy,2.5,2015-05-28T00:14:03Z,Business Finance
27,adriennejefferson,Joseph Hicks,kochscott@example.org,employee,2024-10-05 16:18:21.227,155,592338,assigned,100.0,2024-02-20 04:40:06,2024-04-27 04:40:06,72.0,Forex Trading Secrets of the Pros With Amazon's AWS,4284,93,76,hard,5.0,2015-09-11T16:47:02Z,Business Finance
27,adriennejefferson,Joseph Hicks,kochscott@example.org,employee,2024-10-05 16:18:21.227,156,794151,assigned,100.0,2024-04-21 22:45:43,2024-05-30 22:45:43,76.0,Forex Trading Course: Work Smarter Not Harder Proven Results,4061,52,16,intermediate,2.0,2016-03-16T15:40:19Z,Business Finance
28,allisonjudy,Joseph Martin,franciscobell@example.org,employee,2024-10-05 16:18:21.283,91,739964,assigned,100.0,2024-01-04 20:11:44,2024-01-14 20:11:44,83.0,Investing And Trading For Beginners: Mastering Price Charts,1540,178,26,hard,1.0,2016-02-21T18:23:12Z,Business Finance
28,allisonjudy,Joseph Martin,franciscobell@example.org,employee,2024-10-05 16:18:21.283,93,1210588,assigned,100.0,2024-03-14 08:39:45,2024-05-14 08:39:45,78.0,Beginner to Pro - Financial Analysis in Excel 2017,2451,11,36,expert,3.0,2017-05-30T20:07:24Z,Business Finance
29,dpeck,Angela Carpenter,robinsondeborah@example.org,employee,2024-10-05 16:18:21.340,241,1210588,assigned,100.0,2024-10-03 14:55:46,2024-10-11 14:55:46,76.0,Beginner to Pro - Financial Analysis in Excel 2017,2451,11,36,expert,3.0,2017-05-30T20:07:24Z,Business Finance
29,dpeck,Angela Carpenter,robinsondeborah@example.org,employee,2024-10-05 16:18:21.340,242,794151,assigned,100.0,2023-12-06 12:21:08,2024-03-04 12:21:08,68.0,Forex Trading Course: Work Smarter Not Harder Proven Results,4061,52,16,intermediate,2.0,2016-03-16T15:40:19Z,Business Finance
29,dpeck,Angela Carpenter,robinsondeborah@example.org,employee,2024-10-05 16:18:21.340,243,1070968,undertaken,100.0,2023-10-25 11:43:26,2023-11-03 11:43:26,79.0,Ultimate Investment Banking Course,2147,23,51,easy,1.5,2017-01-18T20:58:58Z,Business Finance
30,charles84,Christopher Mosley,peterscrystal@example.com,employee,2024-10-05 16:18:21.397,211,749542,undertaken,100.0,2024-02-29 15:20:35,2024-05-27 15:20:35,76.0,Graphic Design Bootcamp,15276,1740,65,expert,8.0,2016-05-13T00:03:03Z,Graphic Design
30,charles84,Christopher Mosley,peterscrystal@example.com,employee,2024-10-05 16:18:21.397,212,1197206,assigned,100.0,2024-02-25 22:04:51,2024-03-27 22:04:51,78.0,Illustrator CC MasterClass,462,50,86,intermediate,12.0,2017-05-02T16:41:21Z,Graphic Design
30,charles84,Christopher Mosley,peterscrystal@example.com,employee,2024-10-05 16:18:21.397,213,573064,undertaken,100.0,2024-09-23 17:59:02,2024-12-19 17:59:02,97.0,Photoshop in Ease: Create World Amazing  Graphic Designs,14440,182,26,intermediate,3.0,2015-08-13T21:17:34Z,Graphic Design
31,kpeterson,Kimberly Duncan,ogreer@example.net,employee,2024-10-05 16:18:21.453,196,1120554,assigned,100.0,2024-03-22 03:32:29,2024-04-01 03:32:29,51.0,Canva Graphics Design Essential Training For Everyone,12340,124,46,hard,2.5,2017-03-07T03:54:27Z,Graphic Design
31,kpeterson,Kimberly Duncan,ogreer@example.net,employee,2024-10-05 16:18:21.453,197,1197206,undertaken,100.0,2024-03-28 20:35:12,2024-06-15 20:35:12,56.0,Illustrator CC MasterClass,462,50,86,intermediate,12.0,2017-05-02T16:41:21Z,Graphic Design
31,kpeterson,Kimberly Duncan,ogreer@example.net,employee,2024-10-05 16:18:21.453,198,595876,assigned,100.0,2024-09-25 12:58:38,2024-10-26 12:58:38,90.0,Logo Design in Adobe Illustrator - for Beginners & Beyond,4297,337,110,easy,7.5,2015-10-01T21:40:39Z,Graphic Design
32,theresa48,George Waller,kelly13@example.net,employee,2024-10-05 16:18:21.510,139,590794,undertaken,100.0,2024-01-03 20:39:01,2024-02-25 20:39:01,83.0,Illustrator Quick Tip：10分でKawaiiカメレオンを描こう,381,24,7,easy,0.6000000238418579,2015-08-31T20:52:45Z,Graphic Design
32,theresa48,George Waller,kelly13@example.net,employee,2024-10-05 16:18:21.510,140,573064,undertaken,100.0,2024-05-21 19:56:54,2024-07-18 19:56:54,98.0,Photoshop in Ease: Create World Amazing  Graphic Designs,14440,182,26,intermediate,3.0,2015-08-13T21:17:34Z,Graphic Design
32,theresa48,George Waller,kelly13@example.net,employee,2024-10-05 16:18:21.510,141,1197206,undertaken,100.0,2024-09-27 05:15:11,2024-11-17 05:15:11,85.0,Illustrator CC MasterClass,462,50,86,intermediate,12.0,2017-05-02T16:41:21Z,Graphic Design
33,dyerrobert,Jimmy Paul,samantha49@example.com,employee,2024-10-05 16:18:21.567,250,719698,undertaken,100.0,2024-02-14 20:52:57,2024-05-21 20:52:57,75.0,Basic Technical Analysis: Learn the structure of the market,4919,79,16,easy,1.5,2016-01-08T17:21:26Z,Business Finance
33,dyerrobert,Jimmy Paul,samantha49@example.com,employee,2024-10-05 16:18:21.567,251,1196544,undertaken,100.0,2024-06-07 19:08:58,2024-09-15 19:08:58,74.0,Python Algo Trading: Sentiment Trading with News,294,19,42,hard,7.0,2017-04-28T16:41:44Z,Business Finance
33,dyerrobert,Jimmy Paul,samantha49@example.com,employee,2024-10-05 16:18:21.567,252,1167710,undertaken,100.0,2023-12-03 19:11:53,2024-02-16 19:11:53,87.0,The Only Investment Strategy You Need For Your Retirement,827,14,15,intermediate,1.0,2017-04-18T18:13:32Z,Business Finance
34,trevor76,Mr. Jonathan Zavala,qcohen@example.org,employee,2024-10-05 16:18:21.627,220,317278,undertaken,100.0,2024-03-31 09:12:35,2024-06-07 09:12:35,99.0,Typographic Logos: Typography and Lettering for Logo Design,4235,427,20,easy,1.5,2014-10-16T19:30:01Z,Graphic Design
34,trevor76,Mr. Jonathan Zavala,qcohen@example.org,employee,2024-10-05 16:18:21.627,221,1219520,assigned,100.0,2024-01-15 14:02:47,2024-02-22 14:02:47,85.0,Adobe Illustrator T-Shirt Design for Merch by Amazon,390,44,15,expert,1.0,2017-06-13T20:41:14Z,Graphic Design
34,trevor76,Mr. Jonathan Zavala,qcohen@example.org,employee,2024-10-05 16:18:21.627,222,62721,undertaken,100.0,2023-11-29 23:02:14,2024-02-27 23:02:14,81.0,Anatomy for Figure Drawing: Mastering the Human Figure,15500,754,65,expert,68.5,2013-10-16T11:37:30Z,Graphic Design
35,cblack,William Jordan,jay85@example.com,employee,2024-10-05 16:18:21.683,115,62721,assigned,100.0,2024-07-17 21:01:42,2024-09-01 21:01:42,84.0,Anatomy for Figure Drawing: Mastering the Human Figure,15500,754,65,expert,68.5,2013-10-16T11:37:30Z,Graphic Design
35,cblack,William Jordan,jay85@example.com,employee,2024-10-05 16:18:21.683,116,590794,undertaken,100.0,2024-06-02 21:09:38,2024-07-16 21:09:38,91.0,Illustrator Quick Tip：10分でKawaiiカメレオンを描こう,381,24,7,easy,0.6000000238418579,2015-08-31T20:52:45Z,Graphic Design
35,cblack,William Jordan,jay85@example.com,employee,2024-10-05 16:18:21.683,117,1046722,assigned,100.0,2024-04-30 01:49:35,2024-07-19 01:49:35,71.0,Ultimate Photoshop Training: From Beginner to Pro,5326,447,150,intermediate,11.5,2017-01-12T16:56:22Z,Graphic Design
36,aowens,Christina Meyer,codyhill@example.org,employee,2024-10-05 16:18:21.740,61,1261122,undertaken,100.0,2024-02-05 12:08:12,2024-02-28 12:08:12,94.0,画像加工の初心者でも「１日」で初歩を覚えられる無料講座,21,0,18,hard,1.0,2017-06-22T15:01:32Z,Graphic Design
36,aowens,Christina Meyer,codyhill@example.org,employee,2024-10-05 16:18:21.740,62,1181578,undertaken,100.0,2024-05-11 13:37:16,2024-08-16 13:37:16,72.0,Deinen Roman setzen mit PagePlus in 10 einfachen Schritten,69,6,25,intermediate,3.5,2017-04-24T16:44:12Z,Graphic Design
36,aowens,Christina Meyer,codyhill@example.org,employee,2024-10-05 16:18:21.740,63,1117796,undertaken,100.0,2023-12-13 10:13:21,2024-01-19 10:13:21,73.0,Typographic Logo Design in Illustrator - Beginners & Beyond,1720,40,27,hard,1.5,2017-02-23T21:40:39Z,Graphic Design
37,lscott,Paul Hanson,ahernandez@example.com,employee,2024-10-05 16:18:21.797,10,1048302,assigned,100.0,2023-10-19 03:20:05,2024-01-08 03:20:05,85.0,Learn Travis Picking From Scratch,219,30,25,hard,1.5,2017-01-01T22:17:22Z,Musical Instruments
37,lscott,Paul Hanson,ahernandez@example.com,employee,2024-10-05 16:18:21.797,11,149728,assigned,100.0,2024-09-06 10:42:20,2024-12-13 10:42:20,82.0,Learn Jazz Piano Today,1167,66,44,easy,3.0,2014-01-24T18:17:37Z,Musical Instruments
37,lscott,Paul Hanson,ahernandez@example.com,employee,2024-10-05 16:18:21.797,12,195576,undertaken,100.0,2023-10-31 10:54:55,2023-12-04 10:54:55,61.0,Learn To Play The Drums Without A Drum Kit,1589,52,39,intermediate,2.0,2014-06-27T21:54:58Z,Musical Instruments
38,parkerterri,Pamela Soto,uyang@example.net,employee,2024-10-05 16:18:21.853,277,1181578,assigned,100.0,2024-09-26 07:59:15,2024-11-17 07:59:15,51.0,Deinen Roman setzen mit PagePlus in 10 einfachen Schritten,69,6,25,intermediate,3.5,2017-04-24T16:44:12Z,Graphic Design
38,parkerterri,Pamela Soto,uyang@example.net,employee,2024-10-05 16:18:21.853,278,1261122,assigned,100.0,2024-09-20 18:28:15,2024-10-25 18:28:15,97.0,画像加工の初心者でも「１日」で初歩を覚えられる無料講座,21,0,18,hard,1.0,2017-06-22T15:01:32Z,Graphic Design
38,parkerterri,Pamela Soto,uyang@example.net,employee,2024-10-05 16:18:21.853,279,595876,assigned,100.0,2024-03-29 01:40:54,2024-04-11 01:40:54,64.0,Logo Design in Adobe Illustrator - for Beginners & Beyond,4297,337,110,easy,7.5,2015-10-01T21:40:39Z,Graphic Design
39,kevin20,Sabrina Price DVM,ismith@example.net,employee,2024-10-05 16:18:21.910,106,1257976,assigned,100.0,2024-06-05 14:23:09,2024-08-08 14:23:09,95.0,Your First 10 Guitar Lessons - Learn how to play guitar,924,4,18,easy,1.0,2017-06-29T00:29:36Z,Musical Instruments
39,kevin20,Sabrina Price DVM,ismith@example.net,employee,2024-10-05 16:18:21.910,107,560662,undertaken,100.0,2024-01-15 23:14:23,2024-03-06 23:14:23,57.0,Instant Harmonica - how to get single notes in 5 easy steps,835,10,7,expert,0.6333333253860474,2015-07-22T22:15:10Z,Musical Instruments
39,kevin20,Sabrina Price DVM,ismith@example.net,employee,2024-10-05 16:18:21.910,108,661814,assigned,100.0,2024-07-20 12:13:34,2024-08-13 12:13:34,65.0,Piano Runs & Fills #3:  Jazzy Chromatic Chord Song Endings,747,5,28,easy,1.0,2015-11-10T18:42:55Z,Musical Instruments
40,patrickcook,Linda Newman,courtney37@example.com,employee,2024-10-05 16:18:21.967,64,1070968,undertaken,100.0,2024-05-25 20:43:40,2024-05-28 20:43:40,84.0,Ultimate Investment Banking Course,2147,23,51,easy,1.5,2017-01-18T20:58:58Z,Business Finance
40,patrickcook,Linda Newman,courtney37@example.com,employee,2024-10-05 16:18:21.967,65,403100,undertaken,100.0,2024-05-01 01:54:06,2024-07-17 01:54:06,74.0,"Trading Stock Chart Patterns For Immediate, Explosive Gains",2917,148,23,expert,2.5,2015-01-30T22:13:03Z,Business Finance
40,patrickcook,Linda Newman,courtney37@example.com,employee,2024-10-05 16:18:21.967,66,564966,assigned,100.0,2024-01-29 11:51:30,2024-03-11 11:51:30,50.0,The Complete Chart Pattern Trading Course: A Proven Approach,2666,115,52,intermediate,4.0,2015-08-10T21:07:35Z,Business Finance
41,lstone,Angela Murphy,lori10@example.org,employee,2024-10-05 16:18:22.023,166,58977,assigned,100.0,2024-07-23 00:38:02,2024-08-15 00:38:02,70.0,Financial Statements Made Easy,8095,249,12,expert,0.5833333134651184,2013-06-09T00:21:26Z,Business Finance
41,lstone,Angela Murphy,lori10@example.org,employee,2024-10-05 16:18:22.023,167,794151,undertaken,100.0,2024-08-07 20:27:46,2024-11-12 20:27:46,75.0,Forex Trading Course: Work Smarter Not Harder Proven Results,4061,52,16,intermediate,2.0,2016-03-16T15:40:19Z,Business Finance
41,lstone,Angela Murphy,lori10@example.org,employee,2024-10-05 16:18:22.023,168,719698,undertaken,100.0,2024-03-26 22:25:25,2024-04-23 22:25:25,65.0,Basic Technical Analysis: Learn the structure of the market,4919,79,16,easy,1.5,2016-01-08T17:21:26Z,Business Finance
42,veronica02,Jeremy Gonzalez,rachel84@example.com,employee,2024-10-05 16:18:22.080,223,661814,undertaken,100.0,2024-07-28 15:08:12,2024-10-21 15:08:12,88.0,Piano Runs & Fills #3:  Jazzy Chromatic Chord Song Endings,747,5,28,easy,1.0,2015-11-10T18:42:55Z,Musical Instruments
42,veronica02,Jeremy Gonzalez,rachel84@example.com,employee,2024-10-05 16:18:22.080,224,1048302,undertaken,100.0,2024-05-01 20:24:42,2024-05-18 20:24:42,92.0,Learn Travis Picking From Scratch,219,30,25,hard,1.5,2017-01-01T22:17:22Z,Musical Instruments
42,veronica02,Jeremy Gonzalez,rachel84@example.com,employee,2024-10-05 16:18:22.080,225,801486,assigned,100.0,2024-08-05 02:52:32,2024-10-25 02:52:32,55.0,Playing Piano:  Popular Pieces Vol. II,1472,4,24,hard,1.5,2016-03-31T17:24:49Z,Musical Instruments
43,chad98,Adam Petty,douglasjoshua@example.net,employee,2024-10-05 16:18:22.137,76,965870,assigned,100.0,2024-07-07 08:45:38,2024-07-18 08:45:38,93.0,Angular and Firebase - Build a Web App with Typescript,1966,359,65,expert,5.0,2016-09-27T21:46:03Z,Web Development
43,chad98,Adam Petty,douglasjoshua@example.net,employee,2024-10-05 16:18:22.137,77,1078208,undertaken,100.0,2024-03-30 22:54:24,2024-04-26 22:54:24,97.0,Spring Boot Tutorial For Beginners,2578,210,39,intermediate,5.5,2017-01-23T15:13:53Z,Web Development
43,chad98,Adam Petty,douglasjoshua@example.net,employee,2024-10-05 16:18:22.137,78,159070,assigned,100.0,2024-05-19 16:32:59,2024-07-10 16:32:59,88.0,Introduction to Web Development: HTML,26800,333,55,easy,3.0,2014-02-13T20:39:33Z,Web Development
44,david96,William Garcia,carternicole@example.org,employee,2024-10-05 16:18:22.193,46,1181578,assigned,100.0,2024-03-07 08:13:32,2024-05-01 08:13:32,97.0,Deinen Roman setzen mit PagePlus in 10 einfachen Schritten,69,6,25,intermediate,3.5,2017-04-24T16:44:12Z,Graphic Design
44,david96,William Garcia,carternicole@example.org,employee,2024-10-05 16:18:22.193,47,1046722,undertaken,100.0,2024-07-01 05:47:58,2024-10-06 05:47:58,73.0,Ultimate Photoshop Training: From Beginner to Pro,5326,447,150,intermediate,11.5,2017-01-12T16:56:22Z,Graphic Design
44,david96,William Garcia,carternicole@example.org,employee,2024-10-05 16:18:22.193,48,1261122,assigned,100.0,2024-05-25 06:22:37,2024-06-04 06:22:37,76.0,画像加工の初心者でも「１日」で初歩を覚えられる無料講座,21,0,18,hard,1.0,2017-06-22T15:01:32Z,Graphic Design
45,james12,Brandon Nguyen,thomas43@example.net,employee,2024-10-05 16:18:22.250,274,642410,undertaken,100.0,2024-04-17 15:04:12,2024-06-18 15:04:12,54.0,The Complete Bootstrap Masterclass Course - Build 4 Projects,24978,540,67,hard,7.0,2015-10-27T20:27:11Z,Web Development
45,james12,Brandon Nguyen,thomas43@example.net,employee,2024-10-05 16:18:22.250,275,965528,undertaken,100.0,2024-01-03 22:03:27,2024-03-03 22:03:27,54.0,Web Development Masterclass - Complete Certificate Course,4090,178,348,easy,19.5,2016-10-12T03:14:13Z,Web Development
46,codylewis,Derek Miller,emily99@example.com,employee,2024-10-05 16:18:22.307,79,544234,assigned,100.0,2024-07-20 10:59:34,2024-10-06 10:59:34,51.0,Mike G's Beginner Drum Course: Part 1,515,14,20,hard,3.0,2015-11-01T20:04:07Z,Musical Instruments
46,codylewis,Derek Miller,emily99@example.com,employee,2024-10-05 16:18:22.307,80,640496,assigned,100.0,2024-09-21 20:42:13,2024-11-18 20:42:13,51.0,Teaching Music : Start teaching an instrument successfully.,1337,5,18,intermediate,1.5,2015-10-16T20:34:11Z,Musical Instruments
46,codylewis,Derek Miller,emily99@example.com,employee,2024-10-05 16:18:22.307,81,455054,assigned,100.0,2024-07-08 14:30:32,2024-09-22 14:30:32,55.0,Ninja Chord Changes - Master your guitar chord changes,1327,11,13,expert,1.5,2015-03-29T21:57:12Z,Musical Instruments
47,paul31,Rebekah Jones,rfletcher@example.com,employee,2024-10-05 16:18:22.363,229,785388,undertaken,100.0,2024-09-24 09:38:06,2024-11-02 09:38:06,52.0,Scaling Docker on AWS,3133,351,63,expert,6.0,2016-03-28T17:51:04Z,Web Development
47,paul31,Rebekah Jones,rfletcher@example.com,employee,2024-10-05 16:18:22.363,230,920306,assigned,100.0,2024-07-08 17:52:14,2024-09-10 17:52:14,96.0,Web Site for Beginners - Learn Web Building like knitting,9425,147,14,intermediate,1.5,2016-08-10T00:40:59Z,Web Development
47,paul31,Rebekah Jones,rfletcher@example.com,employee,2024-10-05 16:18:22.363,231,8325,undertaken,100.0,2024-08-24 08:15:12,2024-09-06 08:15:12,59.0,HTML Tutorial: HTML & CSS for Beginners,12458,253,82,intermediate,4.0,2011-09-09T15:28:59Z,Web Development
48,jwong,Jeffrey Rogers,johnmclean@example.com,employee,2024-10-05 16:18:22.420,130,1261122,assigned,100.0,2024-03-08 05:17:32,2024-06-13 05:17:32,61.0,画像加工の初心者でも「１日」で初歩を覚えられる無料講座,21,0,18,hard,1.0,2017-06-22T15:01:32Z,Graphic Design
48,jwong,Jeffrey Rogers,johnmclean@example.com,employee,2024-10-05 16:18:22.420,131,1046722,assigned,100.0,2023-12-16 12:01:53,2024-03-20 12:01:53,70.0,Ultimate Photoshop Training: From Beginner to Pro,5326,447,150,intermediate,11.5,2017-01-12T16:56:22Z,Graphic Design
48,jwong,Jeffrey Rogers,johnmclean@example.com,employee,2024-10-05 16:18:22.420,132,1117796,undertaken,100.0,2024-05-24 04:55:42,2024-08-03 04:55:42,52.0,Typographic Logo Design in Illustrator - Beginners & Beyond,1720,40,27,hard,1.5,2017-02-23T21:40:39Z,Graphic Design
49,dgibson,Michael Davis,clarkmichael@example.org,employee,2024-10-05 16:18:22.477,55,820194,assigned,100.0,2024-02-05 15:42:36,2024-04-28 15:42:36,85.0,Photoshop for Entrepreneurs - Design 11 Practical Projects,36288,737,63,hard,5.0,2016-06-09T01:57:03Z,Graphic Design
49,dgibson,Michael Davis,clarkmichael@example.org,employee,2024-10-05 16:18:22.477,57,749542,assigned,100.0,2024-07-09 17:11:51,2024-09-13 17:11:51,70.0,Graphic Design Bootcamp,15276,1740,65,expert,8.0,2016-05-13T00:03:03Z,Graphic Design
50,brandycox,Gabriel Sheppard,pchavez@example.org,employee,2024-10-05 16:18:22.533,205,631416,undertaken,100.0,2023-11-15 19:01:11,2024-02-04 19:01:11,77.0,Learn Fun Dreamy Piano Techniques #1 -  Play White Christmas,1474,10,102,expert,2.0,2015-10-20T22:41:19Z,Musical Instruments
50,brandycox,Gabriel Sheppard,pchavez@example.org,employee,2024-10-05 16:18:22.533,206,149728,undertaken,100.0,2024-03-22 02:12:15,2024-06-20 02:12:15,84.0,Learn Jazz Piano Today,1167,66,44,easy,3.0,2014-01-24T18:17:37Z,Musical Instruments
50,brandycox,Gabriel Sheppard,pchavez@example.org,employee,2024-10-05 16:18:22.533,207,517366,assigned,100.0,2023-12-31 11:32:14,2024-01-10 11:32:14,54.0,Guitar for Beginners - Learn the Basics,1026,13,19,expert,0.5166666507720947,2015-06-12T22:33:53Z,Musical Instruments
51,kathrynmoyer,Angela Davenport,njones@example.com,employee,2024-10-05 16:18:22.590,193,1261122,assigned,100.0,2024-04-21 09:12:42,2024-07-18 09:12:42,76.0,画像加工の初心者でも「１日」で初歩を覚えられる無料講座,21,0,18,hard,1.0,2017-06-22T15:01:32Z,Graphic Design
51,kathrynmoyer,Angela Davenport,njones@example.com,employee,2024-10-05 16:18:22.590,194,1181578,undertaken,100.0,2023-10-24 10:43:02,2024-01-14 10:43:02,87.0,Deinen Roman setzen mit PagePlus in 10 einfachen Schritten,69,6,25,intermediate,3.5,2017-04-24T16:44:12Z,Graphic Design
51,kathrynmoyer,Angela Davenport,njones@example.com,employee,2024-10-05 16:18:22.590,195,820194,assigned,100.0,2023-12-21 15:11:22,2024-01-16 15:11:22,53.0,Photoshop for Entrepreneurs - Design 11 Practical Projects,36288,737,63,hard,5.0,2016-06-09T01:57:03Z,Graphic Design
52,sarahhancock,Megan Allison,george47@example.com,employee,2024-10-05 16:18:22.647,94,640496,assigned,100.0,2023-11-30 07:54:27,2024-03-04 07:54:27,83.0,Teaching Music : Start teaching an instrument successfully.,1337,5,18,intermediate,1.5,2015-10-16T20:34:11Z,Musical Instruments
52,sarahhancock,Megan Allison,george47@example.com,employee,2024-10-05 16:18:22.647,95,1257976,assigned,100.0,2024-09-13 18:28:51,2024-10-01 18:28:51,81.0,Your First 10 Guitar Lessons - Learn how to play guitar,924,4,18,easy,1.0,2017-06-29T00:29:36Z,Musical Instruments
52,sarahhancock,Megan Allison,george47@example.com,employee,2024-10-05 16:18:22.647,96,149728,assigned,100.0,2024-04-01 22:18:22,2024-04-23 22:18:22,82.0,Learn Jazz Piano Today,1167,66,44,easy,3.0,2014-01-24T18:17:37Z,Musical Instruments
53,sloangarrett,Anne Henry,smithzachary@example.org,employee,2024-10-05 16:18:22.703,259,640496,undertaken,100.0,2024-02-03 20:35:35,2024-05-04 20:35:35,50.0,Teaching Music : Start teaching an instrument successfully.,1337,5,18,intermediate,1.5,2015-10-16T20:34:11Z,Musical Instruments
53,sloangarrett,Anne Henry,smithzachary@example.org,employee,2024-10-05 16:18:22.703,260,101498,undertaken,100.0,2024-07-23 22:56:11,2024-09-09 22:56:11,75.0,Blues Guitar Lessons - From Texas To Carolina,1297,12,9,expert,2.5,2013-10-13T09:01:34Z,Musical Instruments
54,woodardkathryn,Brandi Hodges,aguirremarcus@example.org,employee,2024-10-05 16:18:22.760,7,1006314,assigned,100.0,2024-05-29 03:22:06,2024-08-27 03:22:06,100.0,Financial Modeling for Business Analysts and Consultants,2174,74,51,hard,2.5,2016-12-19T19:26:30Z,Business Finance
54,woodardkathryn,Brandi Hodges,aguirremarcus@example.org,employee,2024-10-05 16:18:22.760,8,192870,undertaken,100.0,2024-04-09 03:41:48,2024-05-05 03:41:48,83.0,Trading Penny Stocks: A Guide for All Levels In 2017,9221,138,25,intermediate,3.0,2014-05-02T15:13:30Z,Business Finance
54,woodardkathryn,Brandi Hodges,aguirremarcus@example.org,employee,2024-10-05 16:18:22.760,9,476268,undertaken,100.0,2023-12-06 10:56:15,2024-03-04 10:56:15,97.0,Options Trading 3 : Advanced Stock Profit and Success Method,5172,34,38,easy,2.5,2015-05-28T00:14:03Z,Business Finance
55,kirstenharris,Dawn Soto,kenneth56@example.org,employee,2024-10-05 16:18:22.817,145,920306,undertaken,100.0,2023-10-30 18:39:49,2024-01-29 18:39:49,55.0,Web Site for Beginners - Learn Web Building like knitting,9425,147,14,intermediate,1.5,2016-08-10T00:40:59Z,Web Development
55,kirstenharris,Dawn Soto,kenneth56@example.org,employee,2024-10-05 16:18:22.817,146,1086834,undertaken,100.0,2024-01-19 05:06:49,2024-01-20 05:06:49,54.0,How To Make A Wordpress Website 2017 | Divi Theme Tutorial,3541,202,37,intermediate,4.0,2017-01-26T22:15:02Z,Web Development
55,kirstenharris,Dawn Soto,kenneth56@example.org,employee,2024-10-05 16:18:22.817,147,19603,undertaken,100.0,2024-05-17 11:27:01,2024-06-03 11:27:01,51.0,Learning Dynamic Website Design - PHP MySQL and JavaScript,47886,285,125,intermediate,12.5,2012-06-18T16:52:34Z,Web Development
56,ryancherry,Paul Douglas,amyfoster@example.com,employee,2024-10-05 16:18:22.873,13,1070968,assigned,100.0,2024-05-02 04:52:59,2024-07-01 04:52:59,85.0,Ultimate Investment Banking Course,2147,23,51,easy,1.5,2017-01-18T20:58:58Z,Business Finance
56,ryancherry,Paul Douglas,amyfoster@example.com,employee,2024-10-05 16:18:22.873,14,1196544,assigned,100.0,2024-07-31 00:03:32,2024-09-20 00:03:32,59.0,Python Algo Trading: Sentiment Trading with News,294,19,42,hard,7.0,2017-04-28T16:41:44Z,Business Finance
56,ryancherry,Paul Douglas,amyfoster@example.com,employee,2024-10-05 16:18:22.873,15,1210588,undertaken,100.0,2024-01-26 20:53:05,2024-03-06 20:53:05,82.0,Beginner to Pro - Financial Analysis in Excel 2017,2451,11,36,expert,3.0,2017-05-30T20:07:24Z,Business Finance
57,psmall,Glenda Cox,powerslisa@example.com,employee,2024-10-05 16:18:22.930,217,696630,assigned,100.0,2024-01-12 12:35:47,2024-02-13 12:35:47,74.0,"7 Ways A Beginner Guitarist Can Sound Better, Instantly!",4529,193,7,easy,0.6000000238418579,2015-12-21T18:50:50Z,Musical Instruments
57,psmall,Glenda Cox,powerslisa@example.com,employee,2024-10-05 16:18:22.930,218,643970,assigned,100.0,2024-07-07 13:11:10,2024-10-02 13:11:10,58.0,Instant Harmonica - Christmas. Play Jingle Bells Part 1 now,823,11,10,intermediate,0.699999988079071,2015-12-11T18:42:43Z,Musical Instruments
58,rlucas,Elizabeth Hicks MD,ericday@example.net,employee,2024-10-05 16:18:22.987,82,455054,assigned,100.0,2023-12-31 15:26:46,2024-02-26 15:26:46,70.0,Ninja Chord Changes - Master your guitar chord changes,1327,11,13,expert,1.5,2015-03-29T21:57:12Z,Musical Instruments
58,rlucas,Elizabeth Hicks MD,ericday@example.net,employee,2024-10-05 16:18:22.987,83,837722,undertaken,100.0,2024-03-19 20:36:39,2024-04-05 20:36:39,94.0,Modal Theory for Guitar (Guitar Lessons from Lutz Academy),1039,29,9,hard,1.5,2016-05-06T15:32:00Z,Musical Instruments
58,rlucas,Elizabeth Hicks MD,ericday@example.net,employee,2024-10-05 16:18:22.987,84,560662,undertaken,100.0,2023-10-23 23:46:52,2023-12-28 23:46:52,97.0,Instant Harmonica - how to get single notes in 5 easy steps,835,10,7,expert,0.6333333253860474,2015-07-22T22:15:10Z,Musical Instruments
59,deantracy,John Burke,tcarpenter@example.org,employee,2024-10-05 16:18:23.043,271,505208,undertaken,100.0,2024-06-28 17:47:49,2024-08-15 17:47:49,81.0,Programming Foundations: HTML5 + CSS3 for Entrepreneurs 2015,23764,490,58,easy,5.5,2015-10-17T04:52:25Z,Web Development
59,deantracy,John Burke,tcarpenter@example.org,employee,2024-10-05 16:18:23.043,272,1094964,undertaken,100.0,2024-04-17 19:53:56,2024-05-23 19:53:56,97.0,Build Your Own Backend REST API using Django REST Framework,2669,112,72,hard,5.5,2017-04-27T19:21:11Z,Web Development
59,deantracy,John Burke,tcarpenter@example.org,employee,2024-10-05 16:18:23.043,273,159070,assigned,100.0,2024-07-02 19:26:53,2024-08-10 19:26:53,84.0,Introduction to Web Development: HTML,26800,333,55,easy,3.0,2014-02-13T20:39:33Z,Web Development
60,racheltran,Dustin Johnson PhD,nancywilliams@example.net,employee,2024-10-05 16:18:23.100,190,1216132,undertaken,100.0,2024-08-05 23:18:07,2024-11-11 23:18:07,77.0,Learn Adobe Illustrator: Semi-Automatic Mandalas Drawing,1076,15,15,intermediate,1.0,2017-05-22T22:53:46Z,Graphic Design
60,racheltran,Dustin Johnson PhD,nancywilliams@example.net,employee,2024-10-05 16:18:23.100,191,590794,assigned,100.0,2024-08-05 20:23:56,2024-09-09 20:23:56,97.0,Illustrator Quick Tip：10分でKawaiiカメレオンを描こう,381,24,7,easy,0.6000000238418579,2015-08-31T20:52:45Z,Graphic Design
60,racheltran,Dustin Johnson PhD,nancywilliams@example.net,employee,2024-10-05 16:18:23.100,192,62721,undertaken,100.0,2024-09-24 10:27:14,2024-10-14 10:27:14,75.0,Anatomy for Figure Drawing: Mastering the Human Figure,15500,754,65,expert,68.5,2013-10-16T11:37:30Z,Graphic Design
61,bduarte,Joseph Mcmillan,patelcaitlin@example.com,employee,2024-10-05 16:18:23.157,202,643970,assigned,100.0,2024-04-20 19:27:59,2024-06-24 19:27:59,66.0,Instant Harmonica - Christmas. Play Jingle Bells Part 1 now,823,11,10,intermediate,0.699999988079071,2015-12-11T18:42:43Z,Musical Instruments
61,bduarte,Joseph Mcmillan,patelcaitlin@example.com,employee,2024-10-05 16:18:23.157,203,1200374,assigned,100.0,2024-03-08 21:23:49,2024-05-05 21:23:49,57.0,Strumming from scratch - Rhythm guitar lesson for Beginners,530,11,13,hard,2.0,2017-05-04T21:57:00Z,Musical Instruments
62,taylorjessica,Thomas Jensen,james09@example.com,employee,2024-10-05 16:18:23.213,109,1200374,undertaken,100.0,2023-10-16 07:26:36,2023-11-18 07:26:36,71.0,Strumming from scratch - Rhythm guitar lesson for Beginners,530,11,13,hard,2.0,2017-05-04T21:57:00Z,Musical Instruments
62,taylorjessica,Thomas Jensen,james09@example.com,employee,2024-10-05 16:18:23.213,110,149728,assigned,100.0,2024-07-28 19:45:17,2024-08-14 19:45:17,73.0,Learn Jazz Piano Today,1167,66,44,easy,3.0,2014-01-24T18:17:37Z,Musical Instruments
62,taylorjessica,Thomas Jensen,james09@example.com,employee,2024-10-05 16:18:23.213,111,643970,undertaken,100.0,2024-06-20 08:05:23,2024-08-14 08:05:23,83.0,Instant Harmonica - Christmas. Play Jingle Bells Part 1 now,823,11,10,intermediate,0.699999988079071,2015-12-11T18:42:43Z,Musical Instruments
63,jerrybryant,Marissa Gonzalez,brett11@example.com,employee,2024-10-05 16:18:23.270,31,62721,undertaken,100.0,2024-09-11 01:00:48,2024-10-07 01:00:48,56.0,Anatomy for Figure Drawing: Mastering the Human Figure,15500,754,65,expert,68.5,2013-10-16T11:37:30Z,Graphic Design
63,jerrybryant,Marissa Gonzalez,brett11@example.com,employee,2024-10-05 16:18:23.270,32,1046722,undertaken,100.0,2024-03-07 17:06:39,2024-03-21 17:06:39,88.0,Ultimate Photoshop Training: From Beginner to Pro,5326,447,150,intermediate,11.5,2017-01-12T16:56:22Z,Graphic Design
64,jocelynmorrow,Kevin White,anthony95@example.net,employee,2024-10-05 16:18:23.327,19,595876,undertaken,100.0,2024-10-06 06:11:11,2024-11-09 06:11:11,70.0,Logo Design in Adobe Illustrator - for Beginners & Beyond,4297,337,110,easy,7.5,2015-10-01T21:40:39Z,Graphic Design
64,jocelynmorrow,Kevin White,anthony95@example.net,employee,2024-10-05 16:18:23.327,20,820194,assigned,100.0,2023-10-31 08:42:28,2023-12-14 08:42:28,72.0,Photoshop for Entrepreneurs - Design 11 Practical Projects,36288,737,63,hard,5.0,2016-06-09T01:57:03Z,Graphic Design
65,robert49,Jose Hill,lisa81@example.org,employee,2024-10-05 16:18:23.383,163,1046722,undertaken,100.0,2024-02-19 07:49:59,2024-04-30 07:49:59,81.0,Ultimate Photoshop Training: From Beginner to Pro,5326,447,150,intermediate,11.5,2017-01-12T16:56:22Z,Graphic Design
65,robert49,Jose Hill,lisa81@example.org,employee,2024-10-05 16:18:23.383,164,573064,undertaken,100.0,2024-04-18 16:29:50,2024-04-27 16:29:50,65.0,Photoshop in Ease: Create World Amazing  Graphic Designs,14440,182,26,intermediate,3.0,2015-08-13T21:17:34Z,Graphic Design
66,dsmith,Amber Pratt,agonzalez@example.net,employee,2024-10-05 16:18:23.440,4,149728,assigned,100.0,2023-12-01 16:41:00,2024-01-17 16:41:00,69.0,Learn Jazz Piano Today,1167,66,44,easy,3.0,2014-01-24T18:17:37Z,Musical Instruments
66,dsmith,Amber Pratt,agonzalez@example.net,employee,2024-10-05 16:18:23.440,5,640496,assigned,100.0,2024-10-01 03:38:48,2024-10-16 03:38:48,67.0,Teaching Music : Start teaching an instrument successfully.,1337,5,18,intermediate,1.5,2015-10-16T20:34:11Z,Musical Instruments
66,dsmith,Amber Pratt,agonzalez@example.net,employee,2024-10-05 16:18:23.440,6,961630,undertaken,100.0,2024-01-31 15:18:13,2024-04-30 15:18:13,55.0,Beginner Guitar Quick-Start Course,2084,20,7,intermediate,1.0,2016-09-28T00:11:43Z,Musical Instruments
67,wingram,Gary Wolf,taylorlee@example.com,employee,2024-10-05 16:18:23.497,268,476268,undertaken,100.0,2024-01-05 18:44:08,2024-02-25 18:44:08,93.0,Options Trading 3 : Advanced Stock Profit and Success Method,5172,34,38,easy,2.5,2015-05-28T00:14:03Z,Business Finance
67,wingram,Gary Wolf,taylorlee@example.com,employee,2024-10-05 16:18:23.497,269,592338,assigned,100.0,2023-12-31 00:51:27,2024-03-28 00:51:27,80.0,Forex Trading Secrets of the Pros With Amazon's AWS,4284,93,76,hard,5.0,2015-09-11T16:47:02Z,Business Finance
67,wingram,Gary Wolf,taylorlee@example.com,employee,2024-10-05 16:18:23.497,270,719698,undertaken,100.0,2024-02-16 02:52:04,2024-04-30 02:52:04,58.0,Basic Technical Analysis: Learn the structure of the market,4919,79,16,easy,1.5,2016-01-08T17:21:26Z,Business Finance
68,middletonabigail,Pedro Stephens,michelleschneider@example.org,employee,2024-10-05 16:18:23.553,181,592338,undertaken,100.0,2024-05-09 22:26:27,2024-08-09 22:26:27,54.0,Forex Trading Secrets of the Pros With Amazon's AWS,4284,93,76,hard,5.0,2015-09-11T16:47:02Z,Business Finance
68,middletonabigail,Pedro Stephens,michelleschneider@example.org,employee,2024-10-05 16:18:23.553,182,1113822,undertaken,100.0,2023-12-06 14:14:34,2023-12-12 14:14:34,95.0,Complete GST Course & Certification - Grow Your CA Practice,2792,923,274,intermediate,39.0,2017-03-09T16:34:20Z,Business Finance
68,middletonabigail,Pedro Stephens,michelleschneider@example.org,employee,2024-10-05 16:18:23.553,183,564966,assigned,100.0,2024-03-23 00:33:38,2024-06-02 00:33:38,56.0,The Complete Chart Pattern Trading Course: A Proven Approach,2666,115,52,intermediate,4.0,2015-08-10T21:07:35Z,Business Finance
69,shannon33,Kelsey Wilson,rrios@example.org,employee,2024-10-05 16:18:23.607,247,58977,undertaken,100.0,2024-02-13 21:34:05,2024-04-26 21:34:05,85.0,Financial Statements Made Easy,8095,249,12,expert,0.5833333134651184,2013-06-09T00:21:26Z,Business Finance
69,shannon33,Kelsey Wilson,rrios@example.org,employee,2024-10-05 16:18:23.607,248,476268,assigned,100.0,2023-11-04 01:31:57,2024-01-17 01:31:57,71.0,Options Trading 3 : Advanced Stock Profit and Success Method,5172,34,38,easy,2.5,2015-05-28T00:14:03Z,Business Finance
69,shannon33,Kelsey Wilson,rrios@example.org,employee,2024-10-05 16:18:23.607,249,564966,undertaken,100.0,2023-11-10 23:46:05,2024-01-20 23:46:05,50.0,The Complete Chart Pattern Trading Course: A Proven Approach,2666,115,52,intermediate,4.0,2015-08-10T21:07:35Z,Business Finance
70,howemarissa,Tammy Perez,stephenpayne@example.org,employee,2024-10-05 16:18:23.667,265,544234,undertaken,100.0,2023-10-20 15:49:25,2023-12-01 15:49:25,67.0,Mike G's Beginner Drum Course: Part 1,515,14,20,hard,3.0,2015-11-01T20:04:07Z,Musical Instruments
70,howemarissa,Tammy Perez,stephenpayne@example.org,employee,2024-10-05 16:18:23.667,266,149728,assigned,100.0,2024-01-12 14:12:45,2024-02-01 14:12:45,75.0,Learn Jazz Piano Today,1167,66,44,easy,3.0,2014-01-24T18:17:37Z,Musical Instruments
70,howemarissa,Tammy Perez,stephenpayne@example.org,employee,2024-10-05 16:18:23.667,267,696630,assigned,100.0,2024-05-31 05:12:20,2024-08-07 05:12:20,93.0,"7 Ways A Beginner Guitarist Can Sound Better, Instantly!",4529,193,7,easy,0.6000000238418579,2015-12-21T18:50:50Z,Musical Instruments
71,owilkins,Janice Sanford,roger58@example.org,employee,2024-10-05 16:18:23.723,244,961630,assigned,100.0,2024-10-01 22:31:27,2024-12-18 22:31:27,87.0,Beginner Guitar Quick-Start Course,2084,20,7,intermediate,1.0,2016-09-28T00:11:43Z,Musical Instruments
71,owilkins,Janice Sanford,roger58@example.org,employee,2024-10-05 16:18:23.723,245,1200374,assigned,100.0,2024-09-18 00:00:23,2024-10-30 00:00:23,59.0,Strumming from scratch - Rhythm guitar lesson for Beginners,530,11,13,hard,2.0,2017-05-04T21:57:00Z,Musical Instruments
71,owilkins,Janice Sanford,roger58@example.org,employee,2024-10-05 16:18:23.723,246,837722,undertaken,100.0,2023-11-30 08:10:36,2024-02-21 08:10:36,93.0,Modal Theory for Guitar (Guitar Lessons from Lutz Academy),1039,29,9,hard,1.5,2016-05-06T15:32:00Z,Musical Instruments
72,kennethwhite,Thomas Johnson,danielle53@example.com,employee,2024-10-05 16:18:23.780,70,564966,undertaken,100.0,2024-01-27 16:14:26,2024-03-14 16:14:26,96.0,The Complete Chart Pattern Trading Course: A Proven Approach,2666,115,52,intermediate,4.0,2015-08-10T21:07:35Z,Business Finance
72,kennethwhite,Thomas Johnson,danielle53@example.com,employee,2024-10-05 16:18:23.780,71,1113822,undertaken,100.0,2023-10-31 22:56:21,2023-11-30 22:56:21,59.0,Complete GST Course & Certification - Grow Your CA Practice,2792,923,274,intermediate,39.0,2017-03-09T16:34:20Z,Business Finance
72,kennethwhite,Thomas Johnson,danielle53@example.com,employee,2024-10-05 16:18:23.780,72,739964,undertaken,100.0,2024-02-03 04:25:13,2024-03-09 04:25:13,56.0,Investing And Trading For Beginners: Mastering Price Charts,1540,178,26,hard,1.0,2016-02-21T18:23:12Z,Business Finance
73,bcook,Max Robinson,ijennings@example.net,employee,2024-10-05 16:18:23.837,103,920306,assigned,100.0,2024-08-22 18:04:48,2024-08-28 18:04:48,84.0,Web Site for Beginners - Learn Web Building like knitting,9425,147,14,intermediate,1.5,2016-08-10T00:40:59Z,Web Development
73,bcook,Max Robinson,ijennings@example.net,employee,2024-10-05 16:18:23.837,104,642410,undertaken,100.0,2023-11-27 15:10:01,2024-01-27 15:10:01,73.0,The Complete Bootstrap Masterclass Course - Build 4 Projects,24978,540,67,hard,7.0,2015-10-27T20:27:11Z,Web Development
73,bcook,Max Robinson,ijennings@example.net,employee,2024-10-05 16:18:23.837,105,16646,undertaken,100.0,2024-08-16 00:17:23,2024-09-12 00:17:23,65.0,Web Programming with Python,35267,217,53,expert,4.0,2012-04-25T00:01:43Z,Web Development
74,anthonywilliams,Gregory Conway,vtaylor@example.com,employee,2024-10-05 16:18:23.893,289,643970,assigned,100.0,2024-02-16 11:14:37,2024-05-24 11:14:37,50.0,Instant Harmonica - Christmas. Play Jingle Bells Part 1 now,823,11,10,intermediate,0.699999988079071,2015-12-11T18:42:43Z,Musical Instruments
74,anthonywilliams,Gregory Conway,vtaylor@example.com,employee,2024-10-05 16:18:23.893,291,729464,assigned,100.0,2024-07-20 21:28:26,2024-07-28 21:28:26,88.0,Instant Harmonica - play the groovy Beatles Yesterday today!,295,7,14,easy,1.0,2016-04-25T15:48:05Z,Musical Instruments
75,nwolfe,Tiffany Robinson,richard93@example.net,employee,2024-10-05 16:18:23.947,235,8325,undertaken,100.0,2024-08-25 17:55:33,2024-09-02 17:55:33,94.0,HTML Tutorial: HTML & CSS for Beginners,12458,253,82,intermediate,4.0,2011-09-09T15:28:59Z,Web Development
75,nwolfe,Tiffany Robinson,richard93@example.net,employee,2024-10-05 16:18:23.947,236,94428,undertaken,100.0,2023-10-16 07:37:09,2023-11-12 07:37:09,70.0,Learn Complete Web Development From Scratch,14074,106,46,expert,12.0,2013-10-23T09:23:00Z,Web Development
75,nwolfe,Tiffany Robinson,richard93@example.net,employee,2024-10-05 16:18:23.947,237,965528,assigned,100.0,2023-10-27 04:07:00,2023-12-05 04:07:00,61.0,Web Development Masterclass - Complete Certificate Course,4090,178,348,easy,19.5,2016-10-12T03:14:13Z,Web Development
76,wolfmark,Sara Garcia,kelly61@example.net,employee,2024-10-05 16:18:24.007,142,874012,undertaken,100.0,2024-03-07 13:12:59,2024-04-14 13:12:59,77.0,The Ultimate Drawing Course - Beginner to Advanced,26742,2379,62,easy,11.0,2017-01-23T00:20:05Z,Graphic Design
76,wolfmark,Sara Garcia,kelly61@example.net,employee,2024-10-05 16:18:24.007,143,28556,undertaken,100.0,2024-07-20 16:35:51,2024-08-13 16:35:51,87.0,Discover How to Draw and paint Comics,8901,424,85,expert,62.0,2012-11-21T22:03:54Z,Graphic Design
76,wolfmark,Sara Garcia,kelly61@example.net,employee,2024-10-05 16:18:24.007,144,62721,assigned,100.0,2024-02-17 19:53:41,2024-04-08 19:53:41,92.0,Anatomy for Figure Drawing: Mastering the Human Figure,15500,754,65,expert,68.5,2013-10-16T11:37:30Z,Graphic Design
77,keithcook,Lori Brown,phillip17@example.org,employee,2024-10-05 16:18:24.060,214,1197206,undertaken,100.0,2024-08-04 22:33:52,2024-10-17 22:33:52,99.0,Illustrator CC MasterClass,462,50,86,intermediate,12.0,2017-05-02T16:41:21Z,Graphic Design
77,keithcook,Lori Brown,phillip17@example.org,employee,2024-10-05 16:18:24.060,215,1219520,undertaken,100.0,2024-05-31 05:36:12,2024-08-17 05:36:12,90.0,Adobe Illustrator T-Shirt Design for Merch by Amazon,390,44,15,expert,1.0,2017-06-13T20:41:14Z,Graphic Design
77,keithcook,Lori Brown,phillip17@example.org,employee,2024-10-05 16:18:24.060,216,1216132,undertaken,100.0,2024-07-04 14:28:08,2024-08-13 14:28:08,74.0,Learn Adobe Illustrator: Semi-Automatic Mandalas Drawing,1076,15,15,intermediate,1.0,2017-05-22T22:53:46Z,Graphic Design
78,halledward,Adam Lara,mariaday@example.net,employee,2024-10-05 16:18:24.117,169,94428,undertaken,100.0,2024-09-14 05:03:37,2024-12-13 05:03:37,90.0,Learn Complete Web Development From Scratch,14074,106,46,expert,12.0,2013-10-23T09:23:00Z,Web Development
78,halledward,Adam Lara,mariaday@example.net,employee,2024-10-05 16:18:24.117,170,889438,undertaken,100.0,2024-05-29 17:41:48,2024-08-16 17:41:48,68.0,ChatBots: Messenger ChatBot with API.AI and Node.JS,2577,529,64,hard,4.5,2016-06-30T16:57:08Z,Web Development
78,halledward,Adam Lara,mariaday@example.net,employee,2024-10-05 16:18:24.117,171,785388,undertaken,100.0,2023-12-24 17:18:55,2024-01-22 17:18:55,54.0,Scaling Docker on AWS,3133,351,63,expert,6.0,2016-03-28T17:51:04Z,Web Development
79,jose77,Melissa Robertson,yvettewilson@example.com,employee,2024-10-05 16:18:24.173,298,1086834,assigned,100.0,2024-09-27 02:07:12,2024-10-18 02:07:12,87.0,How To Make A Wordpress Website 2017 | Divi Theme Tutorial,3541,202,37,intermediate,4.0,2017-01-26T22:15:02Z,Web Development
79,jose77,Melissa Robertson,yvettewilson@example.com,employee,2024-10-05 16:18:24.173,299,987064,undertaken,100.0,2024-03-05 07:07:26,2024-04-07 07:07:26,61.0,Learn by Doing: Vue JS 2.0 the Right Way,1087,220,32,hard,3.5,2016-11-07T17:53:40Z,Web Development
79,jose77,Melissa Robertson,yvettewilson@example.com,employee,2024-10-05 16:18:24.173,300,785388,undertaken,100.0,2024-09-23 11:33:02,2024-12-07 11:33:02,76.0,Scaling Docker on AWS,3133,351,63,expert,6.0,2016-03-28T17:51:04Z,Web Development
80,thomas67,Elizabeth Stout,michael07@example.org,employee,2024-10-05 16:18:24.230,178,729464,undertaken,100.0,2023-10-16 09:25:12,2024-01-19 09:25:12,79.0,Instant Harmonica - play the groovy Beatles Yesterday today!,295,7,14,easy,1.0,2016-04-25T15:48:05Z,Musical Instruments
80,thomas67,Elizabeth Stout,michael07@example.org,employee,2024-10-05 16:18:24.230,179,560662,assigned,100.0,2024-07-16 23:47:43,2024-08-20 23:47:43,90.0,Instant Harmonica - how to get single notes in 5 easy steps,835,10,7,expert,0.6333333253860474,2015-07-22T22:15:10Z,Musical Instruments
80,thomas67,Elizabeth Stout,michael07@example.org,employee,2024-10-05 16:18:24.230,180,837722,assigned,100.0,2023-11-25 05:41:05,2024-02-05 05:41:05,88.0,Modal Theory for Guitar (Guitar Lessons from Lutz Academy),1039,29,9,hard,1.5,2016-05-06T15:32:00Z,Musical Instruments
81,susanhodges,Jill Williams,peter19@example.net,employee,2024-10-05 16:18:24.290,208,874012,assigned,100.0,2023-10-16 19:45:25,2024-01-07 19:45:25,75.0,The Ultimate Drawing Course - Beginner to Advanced,26742,2379,62,easy,11.0,2017-01-23T00:20:05Z,Graphic Design
81,susanhodges,Jill Williams,peter19@example.net,employee,2024-10-05 16:18:24.290,209,573064,undertaken,100.0,2024-08-21 02:46:41,2024-11-01 02:46:41,57.0,Photoshop in Ease: Create World Amazing  Graphic Designs,14440,182,26,intermediate,3.0,2015-08-13T21:17:34Z,Graphic Design
81,susanhodges,Jill Williams,peter19@example.net,employee,2024-10-05 16:18:24.290,210,1120554,undertaken,100.0,2023-12-21 20:37:27,2024-01-01 20:37:27,51.0,Canva Graphics Design Essential Training For Everyone,12340,124,46,hard,2.5,2017-03-07T03:54:27Z,Graphic Design
82,thomascarolyn,Brenda Atkins,monroeholly@example.com,employee,2024-10-05 16:18:24.347,184,975046,undertaken,100.0,2024-09-05 07:08:26,2024-10-03 07:08:26,51.0,Trading Options With Money Flow,1380,42,17,expert,1.0,2016-10-18T22:52:31Z,Business Finance
82,thomascarolyn,Brenda Atkins,monroeholly@example.com,employee,2024-10-05 16:18:24.347,185,1006314,undertaken,100.0,2024-04-25 18:42:15,2024-05-20 18:42:15,66.0,Financial Modeling for Business Analysts and Consultants,2174,74,51,hard,2.5,2016-12-19T19:26:30Z,Business Finance
82,thomascarolyn,Brenda Atkins,monroeholly@example.com,employee,2024-10-05 16:18:24.347,186,1167710,assigned,100.0,2023-10-18 01:50:38,2023-11-08 01:50:38,78.0,The Only Investment Strategy You Need For Your Retirement,827,14,15,intermediate,1.0,2017-04-18T18:13:32Z,Business Finance
83,hcook,Rachel Rivers,carla36@example.org,employee,2024-10-05 16:18:24.403,40,889438,undertaken,100.0,2024-03-17 02:29:36,2024-05-16 02:29:36,65.0,ChatBots: Messenger ChatBot with API.AI and Node.JS,2577,529,64,hard,4.5,2016-06-30T16:57:08Z,Web Development
83,hcook,Rachel Rivers,carla36@example.org,employee,2024-10-05 16:18:24.403,41,19603,assigned,100.0,2023-11-23 18:13:36,2023-11-24 18:13:36,98.0,Learning Dynamic Website Design - PHP MySQL and JavaScript,47886,285,125,intermediate,12.5,2012-06-18T16:52:34Z,Web Development
83,hcook,Rachel Rivers,carla36@example.org,employee,2024-10-05 16:18:24.403,42,1094964,undertaken,100.0,2024-06-04 02:41:36,2024-06-30 02:41:36,92.0,Build Your Own Backend REST API using Django REST Framework,2669,112,72,hard,5.5,2017-04-27T19:21:11Z,Web Development
84,juliegarcia,Nicole Phillips,john57@example.org,employee,2024-10-05 16:18:24.460,127,874012,assigned,100.0,2024-05-02 14:11:34,2024-07-13 14:11:34,85.0,The Ultimate Drawing Course - Beginner to Advanced,26742,2379,62,easy,11.0,2017-01-23T00:20:05Z,Graphic Design
84,juliegarcia,Nicole Phillips,john57@example.org,employee,2024-10-05 16:18:24.460,128,1216132,assigned,100.0,2024-04-10 07:30:05,2024-04-11 07:30:05,52.0,Learn Adobe Illustrator: Semi-Automatic Mandalas Drawing,1076,15,15,intermediate,1.0,2017-05-22T22:53:46Z,Graphic Design
84,juliegarcia,Nicole Phillips,john57@example.org,employee,2024-10-05 16:18:24.460,129,62721,undertaken,100.0,2024-06-04 10:52:58,2024-07-22 10:52:58,88.0,Anatomy for Figure Drawing: Mastering the Human Figure,15500,754,65,expert,68.5,2013-10-16T11:37:30Z,Graphic Design
85,jennifercortez,Adam Wilkinson,kirstenmclean@example.org,employee,2024-10-05 16:18:24.517,151,920306,undertaken,100.0,2024-04-18 18:12:28,2024-05-03 18:12:28,63.0,Web Site for Beginners - Learn Web Building like knitting,9425,147,14,intermediate,1.5,2016-08-10T00:40:59Z,Web Development
85,jennifercortez,Adam Wilkinson,kirstenmclean@example.org,employee,2024-10-05 16:18:24.517,152,1086834,undertaken,100.0,2024-07-09 01:11:42,2024-07-18 01:11:42,96.0,How To Make A Wordpress Website 2017 | Divi Theme Tutorial,3541,202,37,intermediate,4.0,2017-01-26T22:15:02Z,Web Development
85,jennifercortez,Adam Wilkinson,kirstenmclean@example.org,employee,2024-10-05 16:18:24.517,153,94428,undertaken,100.0,2024-07-05 15:03:10,2024-07-10 15:03:10,79.0,Learn Complete Web Development From Scratch,14074,106,46,expert,12.0,2013-10-23T09:23:00Z,Web Development
86,nwilkinson,Ryan Bruce,rlong@example.org,employee,2024-10-05 16:18:24.573,238,8325,undertaken,100.0,2023-10-26 21:03:33,2023-12-17 21:03:33,60.0,HTML Tutorial: HTML & CSS for Beginners,12458,253,82,intermediate,4.0,2011-09-09T15:28:59Z,Web Development
86,nwilkinson,Ryan Bruce,rlong@example.org,employee,2024-10-05 16:18:24.573,239,920306,assigned,100.0,2024-03-07 11:45:27,2024-05-19 11:45:27,97.0,Web Site for Beginners - Learn Web Building like knitting,9425,147,14,intermediate,1.5,2016-08-10T00:40:59Z,Web Development
86,nwilkinson,Ryan Bruce,rlong@example.org,employee,2024-10-05 16:18:24.573,240,1089744,assigned,100.0,2023-12-16 06:13:19,2024-02-03 06:13:19,62.0,How To Make A Wordpress Website 2017 - Divi Theme Tutorial,2780,94,29,hard,3.0,2017-01-26T17:16:27Z,Web Development
87,ojacobs,Cynthia Blake,dcruz@example.net,employee,2024-10-05 16:18:24.630,73,8325,undertaken,100.0,2023-11-09 01:34:31,2024-02-03 01:34:31,71.0,HTML Tutorial: HTML & CSS for Beginners,12458,253,82,intermediate,4.0,2011-09-09T15:28:59Z,Web Development
87,ojacobs,Cynthia Blake,dcruz@example.net,employee,2024-10-05 16:18:24.630,74,1146014,assigned,100.0,2024-09-26 15:06:32,2024-11-25 15:06:32,87.0,Learn JavaScript for beginners,15276,167,19,easy,1.5,2017-03-16T20:57:12Z,Web Development
87,ojacobs,Cynthia Blake,dcruz@example.net,employee,2024-10-05 16:18:24.630,75,1094964,undertaken,100.0,2024-04-02 23:06:50,2024-06-03 23:06:50,77.0,Build Your Own Backend REST API using Django REST Framework,2669,112,72,hard,5.5,2017-04-27T19:21:11Z,Web Development
88,romerosusan,Michael Clark,vscott@example.org,employee,2024-10-05 16:18:24.687,286,1120554,assigned,100.0,2023-11-06 20:35:27,2024-01-26 20:35:27,57.0,Canva Graphics Design Essential Training For Everyone,12340,124,46,hard,2.5,2017-03-07T03:54:27Z,Graphic Design
88,romerosusan,Michael Clark,vscott@example.org,employee,2024-10-05 16:18:24.687,287,1145736,undertaken,100.0,2024-04-25 16:14:26,2024-07-25 16:14:26,97.0,Create Professional Looking Infographics With No Experience,9367,104,21,hard,2.0,2017-03-21T19:00:13Z,Graphic Design
88,romerosusan,Michael Clark,vscott@example.org,employee,2024-10-05 16:18:24.687,288,595876,undertaken,100.0,2024-02-18 06:53:17,2024-05-09 06:53:17,82.0,Logo Design in Adobe Illustrator - for Beginners & Beyond,4297,337,110,easy,7.5,2015-10-01T21:40:39Z,Graphic Design
89,abigail40,Shannon Nelson,ojohnson@example.net,employee,2024-10-05 16:18:24.740,199,739964,assigned,100.0,2023-12-23 07:06:35,2024-03-01 07:06:35,66.0,Investing And Trading For Beginners: Mastering Price Charts,1540,178,26,hard,1.0,2016-02-21T18:23:12Z,Business Finance
89,abigail40,Shannon Nelson,ojohnson@example.net,employee,2024-10-05 16:18:24.740,200,719698,assigned,100.0,2024-02-12 00:55:25,2024-04-10 00:55:25,65.0,Basic Technical Analysis: Learn the structure of the market,4919,79,16,easy,1.5,2016-01-08T17:21:26Z,Business Finance
89,abigail40,Shannon Nelson,ojohnson@example.net,employee,2024-10-05 16:18:24.740,201,1196544,assigned,100.0,2023-11-11 21:53:43,2024-02-13 21:53:43,71.0,Python Algo Trading: Sentiment Trading with News,294,19,42,hard,7.0,2017-04-28T16:41:44Z,Business Finance
90,mhayes,Erin Vargas,andre37@example.org,employee,2024-10-05 16:18:24.797,16,661814,assigned,100.0,2024-06-10 14:41:24,2024-08-05 14:41:24,84.0,Piano Runs & Fills #3:  Jazzy Chromatic Chord Song Endings,747,5,28,easy,1.0,2015-11-10T18:42:55Z,Musical Instruments
90,mhayes,Erin Vargas,andre37@example.org,employee,2024-10-05 16:18:24.797,17,195576,assigned,100.0,2024-04-17 09:53:58,2024-05-27 09:53:58,92.0,Learn To Play The Drums Without A Drum Kit,1589,52,39,intermediate,2.0,2014-06-27T21:54:58Z,Musical Instruments
90,mhayes,Erin Vargas,andre37@example.org,employee,2024-10-05 16:18:24.797,18,560662,undertaken,100.0,2024-09-16 14:24:32,2024-10-12 14:24:32,54.0,Instant Harmonica - how to get single notes in 5 easy steps,835,10,7,expert,0.6333333253860474,2015-07-22T22:15:10Z,Musical Instruments
91,anthony27,Deborah Bullock,vernon81@example.org,employee,2024-10-05 16:18:24.853,280,1011058,assigned,100.0,2024-04-30 14:18:17,2024-06-04 14:18:17,56.0,How To Maximize Your Profits Trading Options,1276,45,26,easy,2.0,2016-12-13T14:57:18Z,Business Finance
91,anthony27,Deborah Bullock,vernon81@example.org,employee,2024-10-05 16:18:24.853,281,1196544,assigned,100.0,2023-11-22 11:19:13,2024-01-12 11:19:13,92.0,Python Algo Trading: Sentiment Trading with News,294,19,42,hard,7.0,2017-04-28T16:41:44Z,Business Finance
91,anthony27,Deborah Bullock,vernon81@example.org,employee,2024-10-05 16:18:24.853,282,739964,assigned,100.0,2024-02-26 23:21:17,2024-05-18 23:21:17,99.0,Investing And Trading For Beginners: Mastering Price Charts,1540,178,26,hard,1.0,2016-02-21T18:23:12Z,Business Finance
92,douglasanderson,Natalie Chen,kentharris@example.net,employee,2024-10-05 16:18:24.910,148,159070,undertaken,100.0,2024-08-05 04:36:19,2024-10-24 04:36:19,63.0,Introduction to Web Development: HTML,26800,333,55,easy,3.0,2014-02-13T20:39:33Z,Web Development
92,douglasanderson,Natalie Chen,kentharris@example.net,employee,2024-10-05 16:18:24.910,149,1078208,assigned,100.0,2024-07-31 05:23:32,2024-08-22 05:23:32,66.0,Spring Boot Tutorial For Beginners,2578,210,39,intermediate,5.5,2017-01-23T15:13:53Z,Web Development
92,douglasanderson,Natalie Chen,kentharris@example.net,employee,2024-10-05 16:18:24.910,150,16646,assigned,100.0,2024-07-26 11:54:59,2024-08-20 11:54:59,68.0,Web Programming with Python,35267,217,53,expert,4.0,2012-04-25T00:01:43Z,Web Development
93,karenrodriguez,Ian Good,laurie44@example.org,employee,2024-10-05 16:18:24.967,160,1120554,undertaken,100.0,2024-09-20 07:07:43,2024-11-13 07:07:43,59.0,Canva Graphics Design Essential Training For Everyone,12340,124,46,hard,2.5,2017-03-07T03:54:27Z,Graphic Design
93,karenrodriguez,Ian Good,laurie44@example.org,employee,2024-10-05 16:18:24.967,161,62721,undertaken,100.0,2024-03-21 20:12:53,2024-06-02 20:12:53,63.0,Anatomy for Figure Drawing: Mastering the Human Figure,15500,754,65,expert,68.5,2013-10-16T11:37:30Z,Graphic Design
93,karenrodriguez,Ian Good,laurie44@example.org,employee,2024-10-05 16:18:24.967,162,595876,undertaken,100.0,2024-07-03 04:29:54,2024-09-12 04:29:54,72.0,Logo Design in Adobe Illustrator - for Beginners & Beyond,4297,337,110,easy,7.5,2015-10-01T21:40:39Z,Graphic Design
94,johnmercado,Linda Moreno,jeremydunn@example.net,employee,2024-10-05 16:18:25.023,118,661814,assigned,100.0,2024-07-16 08:05:26,2024-09-29 08:05:26,62.0,Piano Runs & Fills #3:  Jazzy Chromatic Chord Song Endings,747,5,28,easy,1.0,2015-11-10T18:42:55Z,Musical Instruments
94,johnmercado,Linda Moreno,jeremydunn@example.net,employee,2024-10-05 16:18:25.023,119,961630,undertaken,100.0,2023-10-16 10:57:55,2024-01-19 10:57:55,62.0,Beginner Guitar Quick-Start Course,2084,20,7,intermediate,1.0,2016-09-28T00:11:43Z,Musical Instruments
95,gosborn,Brenda Berry,catherinemyers@example.net,employee,2024-10-05 16:18:25.080,49,742602,undertaken,100.0,2024-05-03 09:59:48,2024-06-10 09:59:48,54.0,Financial Management Risk and Return For Securities,3607,21,19,easy,1.5,2016-02-03T18:04:01Z,Business Finance
95,gosborn,Brenda Berry,catherinemyers@example.net,employee,2024-10-05 16:18:25.080,50,58977,assigned,100.0,2023-10-10 15:24:40,2024-01-04 15:24:40,84.0,Financial Statements Made Easy,8095,249,12,expert,0.5833333134651184,2013-06-09T00:21:26Z,Business Finance
95,gosborn,Brenda Berry,catherinemyers@example.net,employee,2024-10-05 16:18:25.080,51,564966,undertaken,100.0,2023-11-10 05:21:23,2024-02-11 05:21:23,86.0,The Complete Chart Pattern Trading Course: A Proven Approach,2666,115,52,intermediate,4.0,2015-08-10T21:07:35Z,Business Finance
96,ujohnson,Thomas Kelley,beverly49@example.com,employee,2024-10-05 16:18:25.133,25,403100,undertaken,100.0,2024-04-01 01:47:03,2024-04-18 01:47:03,65.0,"Trading Stock Chart Patterns For Immediate, Explosive Gains",2917,148,23,expert,2.5,2015-01-30T22:13:03Z,Business Finance
96,ujohnson,Thomas Kelley,beverly49@example.com,employee,2024-10-05 16:18:25.133,26,58977,undertaken,100.0,2024-01-19 23:47:07,2024-02-25 23:47:07,63.0,Financial Statements Made Easy,8095,249,12,expert,0.5833333134651184,2013-06-09T00:21:26Z,Business Finance
96,ujohnson,Thomas Kelley,beverly49@example.com,employee,2024-10-05 16:18:25.133,27,504036,assigned,100.0,2024-09-27 15:39:17,2025-01-02 15:39:17,75.0,Short Selling: Learn To Sell Stocks Before The Fall,2276,106,19,expert,1.5,2015-06-22T21:18:35Z,Business Finance
97,michael19,Carrie Wright,sroberts@example.org,employee,2024-10-05 16:18:25.190,262,642410,assigned,100.0,2024-07-12 01:26:41,2024-08-12 01:26:41,52.0,The Complete Bootstrap Masterclass Course - Build 4 Projects,24978,540,67,hard,7.0,2015-10-27T20:27:11Z,Web Development
97,michael19,Carrie Wright,sroberts@example.org,employee,2024-10-05 16:18:25.190,263,1089744,undertaken,100.0,2024-05-08 08:12:28,2024-08-05 08:12:28,64.0,How To Make A Wordpress Website 2017 - Divi Theme Tutorial,2780,94,29,hard,3.0,2017-01-26T17:16:27Z,Web Development
97,michael19,Carrie Wright,sroberts@example.org,employee,2024-10-05 16:18:25.190,264,19603,assigned,100.0,2023-10-25 06:19:33,2023-11-19 06:19:33,74.0,Learning Dynamic Website Design - PHP MySQL and JavaScript,47886,285,125,intermediate,12.5,2012-06-18T16:52:34Z,Web Development
98,powelljessica,Emily Buchanan,sarahanderson@example.org,employee,2024-10-05 16:18:25.247,253,749542,undertaken,100.0,2023-12-16 04:56:10,2024-01-21 04:56:10,57.0,Graphic Design Bootcamp,15276,1740,65,expert,8.0,2016-05-13T00:03:03Z,Graphic Design
98,powelljessica,Emily Buchanan,sarahanderson@example.org,employee,2024-10-05 16:18:25.247,254,62721,assigned,100.0,2024-03-23 23:21:12,2024-06-30 23:21:12,56.0,Anatomy for Figure Drawing: Mastering the Human Figure,15500,754,65,expert,68.5,2013-10-16T11:37:30Z,Graphic Design
98,powelljessica,Emily Buchanan,sarahanderson@example.org,employee,2024-10-05 16:18:25.247,255,1120554,assigned,100.0,2024-10-04 08:18:23,2024-12-13 08:18:23,81.0,Canva Graphics Design Essential Training For Everyone,12340,124,46,hard,2.5,2017-03-07T03:54:27Z,Graphic Design
99,kemprichard,Henry Grant,matthewperez@example.com,employee,2024-10-05 16:18:25.303,172,975046,undertaken,100.0,2024-07-16 10:33:34,2024-10-04 10:33:34,73.0,Trading Options With Money Flow,1380,42,17,expert,1.0,2016-10-18T22:52:31Z,Business Finance
99,kemprichard,Henry Grant,matthewperez@example.com,employee,2024-10-05 16:18:25.303,173,192870,assigned,100.0,2024-04-06 22:49:41,2024-05-05 22:49:41,53.0,Trading Penny Stocks: A Guide for All Levels In 2017,9221,138,25,intermediate,3.0,2014-05-02T15:13:30Z,Business Finance
99,kemprichard,Henry Grant,matthewperez@example.com,employee,2024-10-05 16:18:25.303,174,1113822,assigned,100.0,2024-03-22 22:54:36,2024-04-30 22:54:36,86.0,Complete GST Course & Certification - Grow Your CA Practice,2792,923,274,intermediate,39.0,2017-03-09T16:34:20Z,Business Finance
100,robinsonjodi,Cassandra Santiago,crubio@example.net,employee,2024-10-05 16:18:25.360,67,592338,assigned,100.0,2024-09-19 06:06:11,2024-12-07 06:06:11,93.0,Forex Trading Secrets of the Pros With Amazon's AWS,4284,93,76,hard,5.0,2015-09-11T16:47:02Z,Business Finance
100,robinsonjodi,Cassandra Santiago,crubio@example.net,employee,2024-10-05 16:18:25.360,68,739964,assigned,100.0,2023-10-23 06:17:29,2023-12-14 06:17:29,78.0,Investing And Trading For Beginners: Mastering Price Charts,1540,178,26,hard,1.0,2016-02-21T18:23:12Z,Business Finance
100,robinsonjodi,Cassandra Santiago,crubio@example.net,employee,2024-10-05 16:18:25.360,69,1070968,undertaken,100.0,2023-11-21 21:28:25,2024-02-10 21:28:25,68.0,Ultimate Investment Banking Course,2147,23,51,easy,1.5,2017-01-18T20:58:58Z,Business Finance
